Ref,Val,Package,PosX,PosY,Rot,Side
C1,0.1uF,Cap_Cer_508,36.905000,-33.095000,-90.000000,top
C2,0.1uF,Cap_Cer_508,7.695000,-68.655000,0.000000,top
C3,0.1uF,Cap_Cer_508,163.905000,-83.895000,0.000000,top
C4,0.1uF,Cap_Cer_508,186.765000,-83.895000,0.000000,top
C5,0.1uF,Cap_Cer_508,118.185000,-83.895000,0.000000,top
C6,0.1uF,Cap_Cer_508,141.045000,-83.895000,0.000000,top
C7,0.1uF,Cap_Cer_508,95.325000,-83.895000,0.000000,top
C8,0.1uF,Cap_Cer_508,209.625000,-83.895000,0.000000,top
C9,0.1uF,Cap_Cer_508,49.605000,-83.895000,0.000000,top
C10,0.1uF,Cap_Cer_508,72.465000,-83.895000,0.000000,top
C11,0.1uF,Cap_Cer_508,232.485000,-83.895000,0.000000,top
C12,0.1uF,Cap_Cer_508,75.005000,-40.715000,0.000000,top
C13,0.1uF,Cap_Cer_508,252.805000,-83.895000,0.000000,top
C14,0.1uF,Cap_Cer_508,44.525000,-40.715000,0.000000,top
C15,0.1uF,Cap_Cer_508,6.425000,-15.315000,180.000000,top
C16,0.1uF,Cap_Cer_508,242.645000,-40.715000,0.000000,top
C17,0.1uF,Cap_Cer_508,227.405000,-40.715000,0.000000,top
C18,0.1uF,Cap_Cer_508,59.765000,-40.715000,0.000000,top
C19,0.1uF,Cap_Cer_508,257.885000,-40.715000,0.000000,top
C20,0.1uF,Cap_Cer_508,158.825000,-40.715000,0.000000,top
C21,0.1uF,Cap_Cer_508,113.105000,-20.395000,0.000000,top
C22,0.1uF,Cap_Cer_508,174.065000,-40.715000,0.000000,top
C23,0.1uF,Cap_Cer_508,189.305000,-47.065000,0.000000,top
C24,0.1uF,Cap_Cer_508,189.305000,-29.285000,0.000000,top
C25,0.1uF,Cap_Cer_508,7.695000,-40.715000,0.000000,top
C26,0.1uF,Cap_Cer_508,16.585000,-50.875000,-90.000000,top
C27,0.1uF,Cap_Cer_508,189.305000,-31.825000,180.000000,top
C28,0.1uF,Cap_Cer_508,189.305000,-14.045000,180.000000,top
C29,0.1uF,Cap_Cer_508,36.905000,-50.875000,-90.000000,top
C30,0.1uF,Cap_Cer_508,113.105000,-2.615000,0.000000,top
C31,0.1uF,Cap_Cer_508,104.215000,-25.475000,180.000000,top
C32,0.1uF,Cap_Cer_508,95.325000,-25.475000,0.000000,top
C33,47uF,Cap_Elec_Radial_6.3mm,26.745000,-21.665000,0.000000,top
C34,47uF,Cap_Elec_Radial_6.3mm,55.955000,-11.505000,0.000000,top
C35,47uF,Cap_Elec_Radial_6.3mm,17.855000,-21.665000,0.000000,top
C36,47uF,Cap_Elec_Radial_6.3mm,55.955000,-3.885000,0.000000,top
C37,47uF,Cap_Elec_Radial_6.3mm,35.635000,-21.665000,0.000000,top
C38,47uF,Cap_Elec_Radial_6.3mm,215.975000,-5.155000,0.000000,top
C39,0.22uF,Cap_Cer_508,95.325000,-22.935000,180.000000,top
C40,22nF,Cap_Cer_508,215.975000,-10.235000,180.000000,top
C41,10nF,Cap_Cer_508,241.375000,-7.695000,180.000000,top
C42,2.2nF,Cap_Cer_508,86.435000,-25.475000,180.000000,top
C43,1nF,Cap_Cer_508,15.315000,-10.235000,180.000000,top
C44,10pF,Cap_Cer_508,7.695000,-78.815000,0.000000,top
D1,1N4148,Diode_762,124.535000,-22.935000,180.000000,top
D2,1N4148,Diode_762,142.315000,-95.325000,180.000000,top
D3,1N4148,Diode_762,142.315000,-97.865000,180.000000,top
D4,1N4148,Diode_762,142.315000,-100.405000,180.000000,top
D5,1N4148,Diode_762,142.315000,-102.945000,180.000000,top
D6,1N4148,Diode_762,120.725000,-102.945000,180.000000,top
D7,1N4148,Diode_762,120.725000,-100.405000,180.000000,top
D8,1N4148,Diode_762,120.725000,-97.865000,180.000000,top
D9,1N4148,Diode_762,120.725000,-95.325000,180.000000,top
D10,POWER,LED_3mm,200.100000,-98.500000,180.000000,top
D11,RUS/LAT,LED_3mm,219.150000,-98.500000,180.000000,top
F1,1.1A,Cap_Cer_508,124.535000,-20.395000,0.000000,top
HOLE1,M3,Hole_3mm,5.155000,-5.155000,0.000000,top
HOLE2,M3,Hole_3mm,261.695000,-5.155000,0.000000,top
HOLE3,M3,Hole_3mm,55.955000,-198.195000,0.000000,top
HOLE4,M3,Hole_3mm,200.735000,-198.195000,0.000000,top
HOLE5,M3,Hole_3mm,5.155000,-85.165000,0.000000,top
HOLE6,M3,Hole_3mm,133.425000,-104.215000,0.000000,top
HOLE7,M3,Hole_3mm,261.695000,-85.165000,0.000000,top
J1,Video,Conn_RCA_Right,228.675000,-3.885000,-90.000000,top
J2,5V,Conn_Power_Jack_Circular_Pads,30.555000,-7.695000,-90.000000,top
J3,Power,Conn_Friction_Lock_8P_2.54mm,71.195000,-13.410000,0.000000,top
J4,Cassette,Conn_DIN_8pin,96.595000,-0.075000,0.000000,top
J5,Serial,Conn_Dsub_DE9M,190.575000,-9.600000,0.000000,top
J6,Parallel,Conn_Pin_Header_13x2_2.54mm_Shrouded,142.315000,-6.425000,180.000000,top
J7,Extension,Conn_Pin_Header_20x1_2.54mm,85.165000,-54.685000,90.000000,top
JP1,U10 EPROM Type,Conn_Pin_Header_4x1_2.54mm,62.305000,-69.925000,90.000000,top
JP2,U11 EPROM Type,Conn_Pin_Header_4x1_2.54mm,222.325000,-69.925000,90.000000,top
Q1,2N3904,Transistor_TO92_EBC_254,205.815000,-24.205000,0.000000,top
Q2,2N3904,Transistor_TO92_EBC_254,241.375000,-11.505000,0.000000,top
R1,33,Res_762,241.375000,-2.615000,0.000000,top
R2,75,Res_762,215.975000,-15.315000,0.000000,top
R3,150,Res_762,215.975000,-12.775000,180.000000,top
R4,330,Res_762,114.375000,-22.935000,180.000000,top
R5,1.5k,Res_762,215.975000,-20.395000,0.000000,top
R6,1k,Res_762,16.585000,-64.845000,-90.000000,top
R7,1k,Res_762,124.535000,-25.475000,0.000000,top
R8,1k,Res_762,114.375000,-25.475000,180.000000,top
R9,1k,Res_762,215.975000,-22.935000,0.000000,top
R10,1k,Res_762,215.975000,-25.475000,180.000000,top
R11,1k,Res_762,243.915000,-15.315000,0.000000,top
R12,1k,Res_762,209.625000,-96.595000,0.000000,top
R13,1k,Res_762,209.625000,-99.135000,0.000000,top
R14,2.4k,Res_762,86.435000,-22.935000,180.000000,top
R15,12k,Res_762,104.215000,-22.935000,0.000000,top
RN1,10k,Conn_SIL10,245.185000,-62.305000,90.000000,top
RN2,4.7k,Conn_SIL6,128.345000,-36.905000,90.000000,top
RN3,4.7k,Conn_SIL6,108.025000,-36.905000,90.000000,top
RN4,4.7k,Conn_SIL6,128.345000,-52.145000,90.000000,top
SP1,SPEAKER,Speaker_12mm,251.535000,-7.695000,180.000000,top
SW1,FF,CHERRY_PCB_100H,238.200000,-98.500000,0.000000,top
SW2,CLS СТР,CHERRY_PCB_100H,257.250000,-98.500000,0.000000,top
SW3,ESC АР2,CHERRY_PCB_100H,9.600000,-98.500000,0.000000,top
SW4,F1,CHERRY_PCB_100H,28.650000,-98.500000,0.000000,top
SW5,F2,CHERRY_PCB_100H,47.700000,-98.500000,0.000000,top
SW6,F3,CHERRY_PCB_100H,66.750000,-98.500000,0.000000,top
SW7,F4,CHERRY_PCB_100H,85.800000,-98.500000,0.000000,top
SW8,F5,CHERRY_PCB_100H,104.850000,-98.500000,0.000000,top
SW9,TAB ТАБ,CHERRY_PCB_100H,238.200000,-117.550000,0.000000,top
SW10,LF ПС,CHERRY_PCB_100H,257.250000,-174.700000,0.000000,top
SW11,CR ВК,CHERRY_PCB_225H,245.343750,-155.650000,0.000000,top
SW12,DEL ЗБ,CHERRY_PCB_100H,257.250000,-117.550000,0.000000,top
SW13,LEFT,CHERRY_PCB_100H,219.150000,-193.750000,0.000000,top
SW14,UP,CHERRY_PCB_100H,238.200000,-174.700000,0.000000,top
SW15,RIGHT,CHERRY_PCB_100H,257.250000,-193.750000,0.000000,top
SW16,DOWN,CHERRY_PCB_100H,238.200000,-193.750000,0.000000,top
SW17,0,CHERRY_PCB_100H,181.050000,-117.550000,0.000000,top
SW18,1 !,CHERRY_PCB_100H,9.600000,-117.550000,0.000000,top
SW19,"2 """,CHERRY_PCB_100H,28.650000,-117.550000,0.000000,top
SW20,3 #,CHERRY_PCB_100H,47.700000,-117.550000,0.000000,top
SW21,4 $,CHERRY_PCB_100H,66.750000,-117.550000,0.000000,top
SW22,5 %,CHERRY_PCB_100H,85.800000,-117.550000,0.000000,top
SW23,6 &,CHERRY_PCB_100H,104.850000,-117.550000,0.000000,top
SW24,7 ',CHERRY_PCB_100H,123.900000,-117.550000,0.000000,top
SW25,8 (,CHERRY_PCB_100H,142.950000,-117.550000,0.000000,top
SW26,9 ),CHERRY_PCB_100H,162.000000,-117.550000,0.000000,top
SW27,: *,CHERRY_PCB_100H,195.337500,-155.650000,0.000000,top
SW28,; +,CHERRY_PCB_100H,219.150000,-117.550000,0.000000,top
SW29,", <",CHERRY_PCB_100H,162.000000,-174.700000,0.000000,top
SW30,- =,CHERRY_PCB_100H,200.100000,-117.550000,0.000000,top
SW31,. >,CHERRY_PCB_100H,181.050000,-174.700000,0.000000,top
SW32,/ ?,CHERRY_PCB_100H,200.100000,-174.700000,0.000000,top
SW33,@ Ю,CHERRY_PCB_100H,214.387500,-155.650000,0.000000,top
SW34,A А,CHERRY_PCB_100H,23.887500,-155.650000,0.000000,top
SW35,B Б,CHERRY_PCB_100H,104.850000,-174.700000,0.000000,top
SW36,C Ц,CHERRY_PCB_100H,66.750000,-174.700000,0.000000,top
SW37,D Д,CHERRY_PCB_100H,61.987500,-155.650000,0.000000,top
SW38,E Е,CHERRY_PCB_100H,57.225000,-136.600000,0.000000,top
SW39,F Ф,CHERRY_PCB_100H,81.037500,-155.650000,0.000000,top
SW40,G Г,CHERRY_PCB_100H,100.087500,-155.650000,0.000000,top
SW41,H Х,CHERRY_PCB_100H,119.137500,-155.650000,0.000000,top
SW42,I И,CHERRY_PCB_100H,152.475000,-136.600000,0.000000,top
SW43,J Й,CHERRY_PCB_100H,138.187500,-155.650000,0.000000,top
SW44,K К,CHERRY_PCB_100H,157.237500,-155.650000,0.000000,top
SW45,L Л,CHERRY_PCB_100H,176.287500,-155.650000,0.000000,top
SW46,M М,CHERRY_PCB_100H,142.950000,-174.700000,0.000000,top
SW47,N Н,CHERRY_PCB_100H,123.900000,-174.700000,0.000000,top
SW48,O О,CHERRY_PCB_100H,171.525000,-136.600000,0.000000,top
SW49,P П,CHERRY_PCB_100H,190.575000,-136.600000,0.000000,top
SW50,Q Я,CHERRY_PCB_100H,19.125000,-136.600000,0.000000,top
SW51,R Р,CHERRY_PCB_100H,76.275000,-136.600000,0.000000,top
SW52,S С,CHERRY_PCB_100H,42.937500,-155.650000,0.000000,top
SW53,T Т,CHERRY_PCB_100H,95.325000,-136.600000,0.000000,top
SW54,U У,CHERRY_PCB_100H,133.425000,-136.600000,0.000000,top
SW55,V Ж,CHERRY_PCB_100H,85.800000,-174.700000,0.000000,top
SW56,W В,CHERRY_PCB_100H,38.175000,-136.600000,0.000000,top
SW57,X Ь,CHERRY_PCB_100H,47.700000,-174.700000,0.000000,top
SW58,Y Ы,CHERRY_PCB_100H,114.375000,-136.600000,0.000000,top
SW59,Z З,CHERRY_PCB_100H,28.650000,-174.700000,0.000000,top
SW60,[ Ш,CHERRY_PCB_100H,209.625000,-136.600000,0.000000,top
SW61,\ Э,CHERRY_PCB_150H,252.487500,-136.600000,0.000000,top
SW62,] Щ,CHERRY_PCB_100H,228.675000,-136.600000,0.000000,top
SW63,^ Ч,CHERRY_PCB_100H,219.150000,-174.700000,0.000000,top
SW64,SPACE,CHERRY_PCB_625H,123.900000,-193.750000,0.000000,top
SW65,CTRL УС,CHERRY_PCB_125H,12.140000,-193.750000,0.000000,top
SW66,SHIFT CC,CHERRY_PCB_125H,35.952500,-193.750000,0.000000,top
SW67,RUS/LAT,CHERRY_PCB_100H,9.600000,-174.700000,0.000000,top
SW68,Reset,Switch_Tactile_6mm_Right,15.315000,1.195000,0.000000,top
U1,8080A/КР580ВМ80А,IC_DIP40_600,26.745000,-54.685000,90.000000,top
U2,8224/КР580ГФ24,IC_DIP16_300,7.695000,-54.685000,90.000000,top
U3,8251A/КР580ВВ51А,IC_DIP28_600,163.905000,-62.305000,90.000000,top
U4,8253/КР580ВИ53,IC_DIP24_600,186.765000,-64.845000,90.000000,top
U5,8255A/КР580ВВ55А,IC_DIP40_600,118.185000,-54.685000,90.000000,top
U6,8255A/КР580ВВ55А,IC_DIP40_600,141.045000,-54.685000,90.000000,top
U7,8257/КР580ВТ57,IC_DIP40_600,95.325000,-54.685000,90.000000,top
U8,8275/КР580ВГ75,IC_DIP40_600,209.625000,-54.685000,90.000000,top
U9,AS6C62256,IC_DIP28_600,49.605000,-62.305000,90.000000,top
U10,2764/К573РФ6/28C64,IC_DIP28_600,72.465000,-62.305000,90.000000,top
U11,2764/К573РФ6/28C64,IC_DIP28_600,232.485000,-62.305000,90.000000,top
U12,74LS373/К555ИР22,IC_DIP20_300,45.795000,-24.205000,90.000000,top
U13,74198/К155ИР13,IC_DIP24_600,255.345000,-64.845000,90.000000,top
U14,74LS138/К555ИД7,IC_DIP16_300,76.275000,-26.745000,90.000000,top
U15,7492/К155ИЕ4,IC_DIP14_300,7.695000,-28.015000,90.000000,top
U16,7486/К155ЛП5,IC_DIP14_300,243.915000,-28.015000,90.000000,top
U17,7474/К155ТМ2,IC_DIP14_300,259.155000,-28.015000,90.000000,top
U18,7408/К155ЛИ1,IC_DIP14_300,61.035000,-28.015000,90.000000,top
U19,7404/К155ЛН1,IC_DIP14_300,228.675000,-28.015000,90.000000,top
U20,7400/К155ЛА3,IC_DIP14_300,160.095000,-28.015000,90.000000,top
U21,TL071/КР140УД608,IC_DIP8_300,114.375000,-11.505000,90.000000,top
U22,SN75154N/К170УП2В,IC_DIP16_300,175.335000,-26.745000,90.000000,top
U23,SN75150P/К170АП2,IC_DIP8_300,190.575000,-39.445000,90.000000,top
U24,SN75150P/К170АП2,IC_DIP8_300,190.575000,-21.665000,90.000000,top
U25,LM7905/КР1179ЕН5В,IC_TO220-3_Vert,44.525000,-2.615000,0.000000,top
U26,IZ0512S,DC-DC_SIP8,71.195000,-3.885000,0.000000,top
U27,DS1233,Transistor_TO92_EBC_254,15.315000,-14.045000,0.000000,top
Y1,16MHz,Crystal_HC-49U_Vert,7.695000,-73.735000,180.000000,top
